,icpsr,degree,clustering,pagerank,name,name_dw,party,state
0,660,346.4515975092943,0.002637349721233704,0.00507120610307368,L. BENTSEN,"BENTSEN, Lloyd Millard, Jr.",D,TX
1,1252,264.7549235675558,0.0020560051071014133,0.001757793704623526,Q. BURDICK,"BURDICK, Quentin Northrup",D,ND
2,1366,171.04643408527585,0.0016078021395456526,0.0021831350276291955,R. BYRD,"BYRD, Robert Carlyle",D,WV
3,1482,159.77824563577497,0.0018676536098160361,0.002743187834378452,H. CANNON,"CANNON, Howard Walter",D,NV
4,1721,122.13417326078148,0.001904841439555976,0.0024939218158878404,F. CHURCH,"CHURCH, Frank Forrester",D,ID
5,2822,46.53090376816317,0.0013041067368463528,0.0009481206525327149,J. EASTLAND,"EASTLAND, James Oliver",D,MS
6,3658,159.2842121595669,0.002109535855579514,0.0015973345805922617,B. GOLDWATER,"GOLDWATER, Barry Morris",R,AZ
7,4154,84.2356339929944,0.0018328593615429222,0.0017428608139515233,R. HARTKE,"HARTKE, Rupert Vance",D,IN
8,4728,174.82716941192848,0.002362718690588238,0.0025123304332420517,H. HUMPHREY,"HUMPHREY, Hubert Horatio, Jr.",D,MN
9,4812,1141.860545228803,0.002674732498585089,0.00954460880154957,D. INOUYE,"INOUYE, Daniel Ken",D,HI
10,4898,199.30048761314816,0.002861911823087853,0.0029536700352157164,J. JAVITS,"JAVITS, Jacob Koppel",R,NY
11,5767,88.7187992904779,0.0018967378363959635,0.0017779270788849007,R. LONG,"LONG, Russell Billiu",D,LA
12,5913,183.20774953677372,0.0025161038708909067,0.003890522716082507,W. MAGNUSON,"MAGNUSON, Warren Grant",D,WA
13,6256,163.59501145229348,0.002105316817016049,0.0021243097379665477,G. McGOVERN,"McGOVERN, George Stanley",D,SD
14,6442,75.73211476689806,0.0019109604010320352,0.0014486829598177652,L. METCALF,"METCALF, Lee Warren",D,MT
15,7638,204.04615499705722,0.002327581553581659,0.0031513910287365595,W. PROXMIRE,"PROXMIRE, William",D,WI
16,7722,204.2953886016169,0.002380810088643831,0.0020710971978656232,J. RANDOLPH,"RANDOLPH, Jennings",D,WV
17,7847,98.54152260648229,0.0019912779538707663,0.0016557755416739522,A. RIBICOFF,"RIBICOFF, Abraham Alexander",D,CT
18,8301,61.79090029319032,0.001344006039984342,0.0014800706194150704,H. SCOTT,"SCOTT, Hugh Doggett, Jr.",R,PA
19,8764,40.98060455349829,0.001286769108839687,0.0009102527916177124,J. SPARKMAN,"SPARKMAN, John Jackson",D,AL
20,9141,9.95120546120546,0.0006928658288083954,0.00041429905238218304,W. SYMINGTON,"SYMINGTON, William Stuart (Stuart)",D,MO
21,9174,69.49150990650219,0.001963012789215942,0.0014945166918742356,H. TALMADGE,"TALMADGE, Herman Eugene",D,GA
22,9369,717.008403082014,0.0026416321146587015,0.00787494975168995,J. THURMOND,"THURMOND, James Strom",R,SC
23,10147,167.85233333689686,0.0023073193316250225,0.002577737289839103,H. WILLIAMS,"WILLIAMS, Harrison Arlington, Jr.",D,NJ
24,10513,488.92504931854927,0.002387439706054287,0.007829342359580748,R. DOLE,"DOLE, Robert Joseph",R,KS
25,10535,268.4121042971177,0.002485165732507858,0.004221753391827419,C. MATHIAS,"MATHIAS, Charles McCurdy, Jr.",R,MD
26,10557,83.71154114248475,0.0015913565199340406,0.0013313974220307615,R. SCHWEIKER,"SCHWEIKER, Richard Schultz",R,PA
27,10562,208.28382585329456,0.002527272072367008,0.0023850801128880573,R. STAFFORD,"STAFFORD, Robert Theodore",R,VT
28,10569,100.43520605540496,0.002438794715554086,0.0008469600400261969,M. ANDREWS,"ANDREWS, Mark",R,ND
29,10605,377.41339664007796,0.002739617226731537,0.0023677131207090326,S. MATSUNAGA,"MATSUNAGA, Spark Masayuki",D,HI
30,10715,50.44606606286879,0.0013732536523704513,0.0013596474070012004,J. CULVER,"CULVER, John Chester",D,IA
31,10791,306.12368778982795,0.0032048028057887292,0.0032825554915299603,D. PRYOR,"PRYOR, David Hampton",D,AR
32,10800,121.01090500531618,0.0019616392824351086,0.0023888281440552824,B. BAYH,"BAYH, Birch Evans",D,IN
33,10808,1170.1235831734557,0.00328690530615275,0.01225486534576682,E. KENNEDY,"KENNEDY, Edward Moore (Ted)",D,MA
34,10810,65.16525766395702,0.00160785646437439,0.0012890297392103615,T. McINTYRE,"McINTYRE, Thomas James",D,NH
35,10816,144.01028941112432,0.002232050012778853,0.0031724693866243703,G. NELSON,"NELSON, Gaylord Anton",D,WI
36,10817,63.959860254984115,0.0017360987454429137,0.0011704488128410923,J. PEARSON,"PEARSON, James Blackwood",R,KS
37,10818,344.7166370261332,0.002885268339849667,0.0032430440742194375,C. PELL,"PELL, Claiborne de Borda",D,RI
38,10823,162.33526152214102,0.0020463526308673765,0.002076349356805927,J. TOWER,"TOWER, John Goodwin",R,TX
39,11029,252.3636812861464,0.00211979990379664,0.0030865421227540585,J. McCLURE,"McCLURE, James Albertus",R,ID
40,11043,396.5747856369187,0.003389553850579708,0.004135596185272817,D. RIEGLE,"RIEGLE, Donald Wayne, Jr.",D,MI
41,11044,347.5450126257208,0.002301067265776342,0.0057722991959363555,W. ROTH,"ROTH, William Victor, Jr.",R,DE
42,11200,90.48555674784676,0.0019919508913748447,0.0014092563769164599,H. BAKER,"BAKER, Howard Henry, Jr.",R,TN
43,11202,71.53996843220494,0.0015297906280343947,0.0009657193791239259,C. HANSEN,"HANSEN, Clifford Peter",R,WY
44,11204,489.1691107848198,0.002451394615519025,0.00423243545495269,E. HOLLINGS,"HOLLINGS, Ernest Frederick",D,SC
45,11205,183.24693513688575,0.0019704089058686547,0.003385669627654603,C. PERCY,"PERCY, Charles Harting",R,IL
46,12032,150.14118131662693,0.0021597806469188076,0.0019278674131631747,L. WEICKER,"WEICKER, Lowell Palmer, Jr.",R,CT
47,12039,208.0995943063234,0.0024727148411661745,0.002258229581794612,J. MELCHER,"MELCHER, John",D,MT
48,12100,55.03462551832486,0.001410548297201511,0.0010781626666489293,J. ALLEN,"ALLEN, James Browning",D,AL
49,12101,95.78449703162485,0.0018304559244203325,0.0016551307720679275,H. BELLMON,"BELLMON, Henry Louis",R,OK
50,12103,560.6456456277978,0.0031605811206627432,0.007365454331183325,A. CRANSTON,"CRANSTON, Alan",D,CA
51,12104,127.06515512829557,0.001867782010201935,0.00240700043702048,T. EAGLETON,"EAGLETON, Thomas Francis",D,MO
52,12105,107.90827867119495,0.0020039704003284257,0.001050770941353436,M. GRAVEL,"GRAVEL, Maurice Robert (Mike)",D,AK
53,12107,255.68574471851866,0.0018036462418303733,0.003067972057820556,R. PACKWOOD,"PACKWOOD, Robert William",R,OR
54,13000,104.41296027442147,0.001985770200086267,0.001648512879825561,J. ABOUREZK,"ABOUREZK, James George",D,SD
55,13039,314.17670768168597,0.0022610958551199617,0.0024463959437314737,P. SARBANES,"SARBANES, Paul Spyros",D,MD
56,13056,326.1431490946274,0.0029235670698186215,0.0030023593000979756,J. BREAUX,"BREAUX, John Berlinger",D,LA
57,13101,200.33851294354824,0.002059753547749077,0.002840425746646477,L. CHILES,"CHILES, Lawton Mainor, Jr.",D,FL
58,13102,64.1701619536668,0.001568208746985956,0.0015135704850883372,A. STEVENSON,"STEVENSON, Adlai Ewing III",D,IL
59,14000,82.72877438571508,0.0023916652519260315,0.0010409251581505658,J. ABDNOR,"ABDNOR, James",R,SD
60,14002,125.32682545053996,0.0026596285307884417,0.002078409105207371,W. ARMSTRONG,"ARMSTRONG, William Lester",R,CO
61,14009,545.9100204267695,0.0020885524213049263,0.0030235555635591206,W. COCHRAN,"COCHRAN, William Thad",R,MS
62,14010,205.17972360412062,0.002249617081656812,0.002122093031372807,W. COHEN,"COHEN, William Sebastian",R,ME
63,14031,243.6915657323936,0.002390332729418224,0.0016818212777536092,C. LOTT,"LOTT, Chester Trent",R,MS
64,14056,244.05827321233232,0.0031180001606518275,0.0021188612676321774,S. SYMMS,"SYMMS, Steven Douglas",R,ID
65,14073,316.59460042492606,0.0034177960037728543,0.004257447860788938,H. METZENBAUM,"METZENBAUM, Howard Morton",D,OH
66,14077,173.1049662011087,0.0016009552090552083,0.0018915503462326594,P. LAXALT,"LAXALT, Paul Dominque",R,NV
67,14100,86.24970333266742,0.0017441055639836245,0.0017827331615554132,D. BARTLETT,"BARTLETT, Dewey Follett",R,OK
68,14101,357.1249620431988,0.002316459116603039,0.004053493827016899,J. BIDEN,"BIDEN, Joseph Robinette, Jr.",D,DE
69,14103,756.1648024793067,0.0021360746543339685,0.008103377371078043,P. DOMENICI,"DOMENICI, Pete Vichi",R,NM
70,14104,51.83174554357115,0.001461347381367222,0.001020461828283919,F. HASKELL,"HASKELL, Floyd Kirk",D,CO
71,14105,413.1773639785079,0.0021295175437848397,0.0038611244709664473,J. HELMS,"HELMS, Jesse",R,NC
72,14106,145.9041347419575,0.0018737251363128012,0.001652959267088397,W. HUDDLESTON,"HUDDLESTON, Walter Darlington",D,KY
73,14107,261.7948476110346,0.0019554399066003376,0.0032990694842474667,J. JOHNSTON,"JOHNSTON, John Bennett, Jr.",D,LA
74,14108,194.68052214738344,0.0019521610564704462,0.0026494738066444932,S. NUNN,"NUNN, Samuel Augustus",D,GA
75,14203,724.3403236207938,0.0027233195104776455,0.007016854804699428,M. BAUCUS,"BAUCUS, Max Sieben",D,MT
76,14213,680.0113112539185,0.0036439795149613903,0.006192199379799319,C. DODD,"DODD, Christopher John",D,CT
77,14226,1301.640184180434,0.0033388762118136944,0.012188624132328357,C. GRASSLEY,"GRASSLEY, Charles Ernest",R,IA
78,14230,648.6126142596654,0.003358584297614169,0.005930051487841609,T. HARKIN,"HARKIN, Thomas Richard (Tom)",D,IA
79,14268,264.7614751847889,0.0025865054807818516,0.0024250394556712077,L. PRESSLER,"PRESSLER, Larry Lee",R,SD
80,14282,92.07722546575187,0.002518470589159004,0.0010527215813157622,T. WIRTH,"WIRTH, Timothy E.",D,CO
81,14300,321.01923821489686,0.002401668423091618,0.004175380490739081,D. BUMPERS,"BUMPERS, Dale",D,AR
82,14303,247.63354122672465,0.0021465781696562453,0.0025044991253519427,E. GARN,"GARN, Edwin Jacob (Jake)",R,UT
83,14304,256.85585613751357,0.002848382117431261,0.0034518847937825984,J. GLENN,"GLENN, John Herschel, Jr.",D,OH
84,14305,148.70173852298967,0.0022509255220377155,0.0025212256827983268,G. HART,"HART, Gary Warren",D,CO
85,14307,1039.5938873401692,0.002738613524957323,0.008187343724429186,P. LEAHY,"LEAHY, Patrick Joseph",D,VT
86,14308,58.8379364587791,0.0013984922199676275,0.0008902017482738975,R. MORGAN,"MORGAN, Robert Burren",D,NC
87,14309,101.53033350509294,0.0016924635934153155,0.0014161443443425987,R. STONE,"STONE, Richard Bernard",D,FL
88,14310,78.55355617188337,0.001776287194531982,0.0015449084636858202,J. DURKIN,"DURKIN, John Anthony",D,NH
89,14423,147.25344977064185,0.003166744707886615,0.001615199503678159,A. GORE,"GORE, Albert Arnold, Jr.",D,TN
90,14440,498.1247896627831,0.0029026660586290005,0.0025423684843844155,B. MIKULSKI,"MIKULSKI, Barbara Ann",D,MD
91,14456,93.05914754111149,0.002427821168773648,0.0013997456616661754,P. TRIBLE,"TRIBLE, Paul Seward, Jr.",R,VA
92,14467,52.990668826170904,0.002249404625534907,0.0009110188307232157,W. FOWLER,"FOWLER, Wyche, Jr.",D,GA
93,14500,391.3861279958953,0.0026923168048815158,0.004430054312415177,J. CHAFEE,"CHAFEE, John Hubbard",R,RI
94,14501,324.3101588334041,0.0029785211403760476,0.004495320588077777,J. DANFORTH,"DANFORTH, John Claggett",R,MO
95,14502,510.6612705721687,0.003915077023611577,0.005336681290905739,D. DeCONCINI,"DeCONCINI, Dennis Webster",D,AZ
96,14503,1212.0232131654404,0.0029313552367882263,0.011383451377730933,O. HATCH,"HATCH, Orrin Grant",R,UT
97,14504,104.17425479390418,0.0020685184912024503,0.0012320890922125404,S. HAYAKAWA,"HAYAKAWA, Samuel Ichiye",R,CA
98,14508,684.9404959787969,0.0036412345909083614,0.008158015752551642,D. MOYNIHAN,"MOYNIHAN, Daniel Patrick",D,NY
99,14509,201.26455907196862,0.0023249818687060097,0.0025449366028094077,J. SASSER,"SASSER, James Ralph",D,TN
100,14511,209.83874561272023,0.0022457862662640963,0.002115821295068766,M. WALLOP,"WALLOP, Malcolm",R,WY
101,14512,127.29078427405594,0.002166901516334415,0.0009543528467346517,E. ZORINSKY,"ZORINSKY, Edward",D,NE
102,14513,64.71676346293958,0.0019813277176630355,0.0007129649282846727,W. ANDERSON,"ANDERSON, Wendell Richard",D,MN
103,14617,512.386812334814,0.004071443744969966,0.004743212421746909,T. DASCHLE,"DASCHLE, Thomas Andrew",D,SD
104,14628,139.98842386129007,0.0020668805667432393,0.001855106843757233,W. GRAMM,"GRAMM, William Philip (Phil)",R,TX
105,14700,274.260508157283,0.003013840849889366,0.0026777468682807485,D. BOREN,"BOREN, David Lyle",D,OK
106,14702,350.57716676150005,0.0032393470307469532,0.0038787080202174066,W. BRADLEY,"BRADLEY, William Warren (Bill)",D,NJ
107,14703,383.5257480821027,0.003971047837190646,0.004539660971703761,D. DURENBERGER,"DURENBERGER, David Ferdinand",R,MN
108,14705,222.8601104266204,0.002661732276273649,0.0020944558790468074,H. HEFLIN,"HEFLIN, Howell Thomas",D,AL
109,14706,121.20758386462555,0.0023688541026250644,0.0017086373241516782,G. HUMPHREY,"HUMPHREY, Gordon John",R,NH
110,14707,81.30646700568394,0.0022603902460568725,0.001295354825824684,R. JEPSEN,"JEPSEN, Roger William",R,IA
111,14708,214.74649454978103,0.0024459795993767275,0.002777958496643069,N. KASSEBAUM,"KASSEBAUM, Nancy Landon",R,KS
112,14709,660.9885443684286,0.0027601177587080767,0.005447513203188552,C. LEVIN,"LEVIN, Carl",D,MI
113,14711,31.61481049480276,0.0016698713061891472,0.0005932285096041129,D. STEWART,"STEWART, Donald Wilbur",D,AL
114,14713,217.59070203457583,0.0031651560733120523,0.003115887285963545,G. MITCHELL,"MITCHELL, George John",D,ME
115,14900,475.09890888762305,0.003454190489911394,0.005494412038293129,A. D'AMATO,"D'AMATO, Alfonse Marcello",R,NY
116,14901,99.5979126015248,0.0024888213577994884,0.001129454101769644,J. DENTON,"DENTON, Jeremiah Andrew, Jr.",R,AL
117,14902,171.3037988236693,0.0029222812527236416,0.0018830456442414415,A. DIXON,"DIXON, Alan John",D,IL
118,14903,57.68988887281188,0.0025417416412209727,0.0006588910766394532,J. EAST,"EAST, John Porter",R,NC
119,14904,294.34977640496385,0.002464540943266637,0.003384387226114236,T. GORTON,"GORTON, Thomas Slade, III (Slade)",R,WA
120,14905,112.1121712602245,0.002459568039604077,0.0011296194870206507,P. HAWKINS,"HAWKINS, Paula",R,FL
121,14907,385.6983120766777,0.00281151146642213,0.0034314372238795246,F. MURKOWSKI,"MURKOWSKI, Frank Hughes",R,AK
122,14908,257.75236748328916,0.00230706266439283,0.002532324976323748,D. NICKLES,"NICKLES, Donald Lee",R,OK
123,14910,643.866611187417,0.0029233973281056454,0.006789379738257437,A. SPECTER,"SPECTER, Arlen",R,PA
124,14912,950.8741487267538,0.003901435579660839,0.009111764916178045,J. BINGAMAN,"BINGAMAN, Jesse Francis, Jr. (Jeff)",D,NM
125,14914,850.4658156599762,0.0037377223529319673,0.007964568587786481,F. LAUTENBERG,"LAUTENBERG, Frank Raleigh",D,NJ
126,14915,134.60091820534953,0.0026112613355110787,0.0017844538284596903,P. WILSON,"WILSON, Pete",R,CA
127,14921,300.1450986989929,0.00170867946744348,0.0032935655078486967,A. McCONNELL,"McCONNELL, Addison Mitchell (Mitch)",R,KY
128,14922,592.7504521829856,0.003440562495037063,0.005800677425979173,J. ROCKEFELLER,"ROCKEFELLER, John Davison IV (Jay)",D,WV
129,15039,876.147374077404,0.0028480097412889914,0.009159786861244903,J. McCAIN,"McCAIN, John Sidney, III",R,AZ
130,15501,306.2503099288875,0.0023411227553000514,0.0031285591501123214,C. BOND,"BOND, Christopher Samuel (Kit)",R,MO
131,15502,370.9594559783182,0.002625643176027098,0.0029023898672693284,K. CONRAD,"CONRAD, Kent",D,ND
132,15503,376.3465896095946,0.003247289388873991,0.004178567504340554,D. GRAHAM,"GRAHAM, Daniel Robert (Bob)",D,FL
133,15700,143.899448016873,0.0022783330074274,0.0014310213757936037,R. BRYAN,"BRYAN, Richard H",D,NV
134,42301,498.7147132896941,0.0025389985110981336,0.005734838404573021,J. FETTERMAN,"FETTERMAN, John Karl",D,PA
135,1569,47.14425042259308,0.001411259668549797,0.0008764856723928627,C. CASE,"CASE, Clifford Philip",R,NJ
136,2267,37.80461023754367,0.0014884764960873512,0.0007912120322773877,C. CURTIS,"CURTIS, Carl Thomas",R,NE
137,4148,35.156410073452065,0.0014133531892636189,0.0008250070059956152,P. HART,"HART, Philip Aloysius",D,MI
138,4660,16.02307931748334,0.000919007665740263,0.0005942320297700819,R. HRUSKA,"HRUSKA, Roman Lee",R,NE
139,4851,309.70125209806133,0.002173648272216663,0.0046748365091785005,H. JACKSON,"JACKSON, Henry Martin (Scoop)",D,WA
140,6151,21.26428889737713,0.0011121583780772438,0.0007726075898188377,J. McCLELLAN,"McCLELLAN, John Little",D,AR
141,6249,46.972307148289104,0.0019060927627323676,0.0005766782873888331,G. McGEE,"McGEE, Gale William",D,WY
142,6611,35.475644792084424,0.0013232949630117247,0.0008903175776124911,J. MONTOYA,"MONTOYA, Joseph Manuel",D,NM
143,6754,101.75834866502758,0.0018680954824093084,0.00298785210587247,F. MOSS,"MOSS, Frank Edward (Ted)",D,UT
144,6831,41.46731247899136,0.0016222407086171442,0.0010136793411440106,E. MUSKIE,"MUSKIE, Edmund Sixtus",D,ME
145,10450,49.360114131019365,0.0017249566496596437,0.0005041477829581584,M. YOUNG,"YOUNG, Milton Ruben",R,ND
146,10700,110.95361627846589,0.003206279590812793,0.0011846724281352982,B. ADAMS,"ADAMS, Brockman (Brock)",D,WA
147,10777,63.36558619249762,0.0017962457451110414,0.0011389050231530914,J. TUNNEY,"TUNNEY, John Varick",D,CA
148,10804,141.7106787768475,0.0017166456249169831,0.001055804320057183,P. FANNIN,"FANNIN, Paul Jones",R,AZ
149,10813,58.93088599309188,0.0018757823779366075,0.001157135341753037,W. MONDALE,"MONDALE, Walter Frederick",D,MN
150,11203,329.7855320223067,0.0021888630398855156,0.0036195661844779957,M. HATFIELD,"HATFIELD, Mark Odom",R,OR
151,12109,642.9864072505994,0.0021319048662074374,0.004724012652910976,T. STEVENS,"STEVENS, Theodore Fulton (Ted)",R,AK
152,14102,53.107823457745056,0.0015016189410598372,0.0009936177574448167,R. CLARK,"CLARK, Richard Clarence (Dick)",D,IA
153,14240,374.45745173840976,0.00376586293680567,0.003176710290152164,J. JEFFORDS,"JEFFORDS, James Merrill",D,VT
154,14242,154.83045037107195,0.0024743589323157496,0.001668169192586672,R. KASTEN,"KASTEN, Robert Walter, Jr.",R,WI
155,14275,340.5625000206192,0.004145823201892308,0.0027756276707484096,P. SIMON,"SIMON, Paul Martin",D,IL
156,14302,224.1871433510701,0.0019804562629618643,0.0022537687869775085,W. FORD,"FORD, Wendell Hampton",D,KY
157,14400,554.1589985636549,0.0034162976970253485,0.004649936808718137,D. AKAKA,"AKAKA, Daniel Kahikina",D,HI
158,14447,79.86758992884145,0.0021850633160390336,0.0011999363786196525,J. QUAYLE,"QUAYLE, James Danforth (Dan)",R,IN
159,14506,470.85840774834423,0.002050166352209403,0.004244535403033695,R. LUGAR,"LUGAR, Richard Green",R,IN
160,14510,129.36583704740696,0.0024341365263960534,0.0010303972783337735,H. SCHMITT,"SCHMITT, Harrison Hagan",R,NM
161,14659,227.12492489211644,0.0019140951393097736,0.001830096280471053,R. SHELBY,"SHELBY, Richard C.",R,AL
162,14701,175.9872582389492,0.002540548192874516,0.0019178910087537966,R. BOSCHWITZ,"BOSCHWITZ, Rudolph Eli (Rudy)",R,MN
163,14704,180.0067265233159,0.0023609634750178243,0.0019753655797794234,J. EXON,"EXON, J. James",D,NE
164,14710,201.6468719416417,0.002557406009748469,0.0014612323133294735,A. SIMPSON,"SIMPSON, Alan Kooi",R,WY
165,14712,370.4575953729492,0.002097722106324043,0.0030504859242918747,J. WARNER,"WARNER, John William",R,VA
166,14803,131.7688328405191,0.002453106993325735,0.0011720805949709061,G. BROWN,"BROWN, George Hanks (Hank)",R,CO
167,14916,53.3341329695267,0.00205480418194729,0.0008504858590274223,D. EVANS,"EVANS, Daniel Jackson",R,WA
168,14920,835.5195366696762,0.003961402241933938,0.007129668973292069,J. KERRY,"KERRY, John Forbes",D,MA
169,15054,551.5732521796118,0.0028728279542000854,0.0048730728106293544,H. REID,"REID, Harry",D,NV
170,15504,79.2238009357568,0.002357236819400054,0.0008131029001791274,(. SANFORD,"SANFORD, (James) Terry",D,NC
171,15701,271.0739850991577,0.0027062514526632582,0.002212963153385775,C. BURNS,"BURNS, Conrad",R,MT
172,15702,124.40796827000797,0.00264180102842068,0.0010192648934799727,J. KERREY,"KERREY, J. Robert",D,NE
173,15703,405.3935742748448,0.003318120032379021,0.003917794684513862,H. KOHL,"KOHL, Herbert H.",D,WI
174,49104,63.92526960405172,0.0027599576576934704,0.0008446175048960119,H. WOFFORD,"WOFFORD, Harris",D,PA
175,3824,27.347373806552696,0.0017606920206244183,0.0007161449258106848,R. GRIFFIN,"GRIFFIN, Robert Paul",R,MI
176,14279,92.22725390241445,0.0026528661929597595,0.0011968877297429418,P. TSONGAS,"TSONGAS, Paul Efthemios",D,MA
177,14661,686.7324765216608,0.004636368703159949,0.006092419222673323,O. SNOWE,"SNOWE, Olympia Jean",R,ME
178,14806,163.86214281541882,0.0016462397531085892,0.0015391591358610709,D. COATS,"COATS, Daniel Ray",R,IN
179,14812,373.96562865926626,0.003438056340012614,0.0033233330447400614,B. DORGAN,"DORGAN, Byron Leslie",D,ND
180,14858,896.514420081571,0.004506252196960181,0.006300447436447471,C. SCHUMER,"SCHUMER, Charles Ellis (Chuck)",D,NY
181,14871,1046.9450685964325,0.004332593851794117,0.007326124496351614,R. WYDEN,"WYDEN, Ronald Lee",D,OR
182,15011,754.579922772222,0.004083489965139095,0.005530980230987218,B. BOXER,"BOXER, Barbara",D,CA
183,15015,412.27378416232364,0.003238497453013571,0.003304349279227747,T. CARPER,"CARPER, Thomas Richard",D,DE
184,15020,328.68924371204696,0.0037583794725615013,0.0029859787286499856,M. DeWINE,"DeWINE, Michael",R,OH
185,15021,1273.1742564097492,0.005176604477239101,0.009429614165860443,R. DURBIN,"DURBIN, Richard Joseph",D,IL
186,15071,173.6238738956188,0.003760912184533781,0.0016411908054188157,R. TORRICELLI,"TORRICELLI, Robert Guy",D,NJ
187,15116,161.01861373673668,0.0026177974260783625,0.001400009219727015,R. SMITH,"SMITH, Robert C.",R,NH
188,15406,130.52415230486,0.002419732638292733,0.0013853846415664572,J. BUNNING,"BUNNING, James Paul David",R,KY
189,15408,615.5197138637077,0.004635378175739927,0.004289135868619648,B. CARDIN,"CARDIN, Benjamin Louis",D,MD
190,15424,472.91150983638926,0.0024925771600973344,0.0035082037373194088,J. INHOFE,"INHOFE, James Mountain",R,OK
191,15425,411.83814904603025,0.0038001473383856145,0.002481004867159097,T. JOHNSON,"JOHNSON, Timothy Peter (Tim)",D,SD
192,15704,495.5977559466602,0.003515449890518073,0.0030435349555756066,J. LIEBERMAN,"LIEBERMAN, Joseph I.",D,CT
193,15705,143.38572374679651,0.0024127921457886975,0.0009480913809360063,C. ROBB,"ROBB, Charles Spittal",D,VA
194,20735,783.1776595685238,0.006318612851244451,0.0044694069473972305,K. GILLIBRAND,"GILLIBRAND, Kirsten",D,NY
195,29141,235.6925298625262,0.0029419724695223318,0.002628660428342915,R. SANTORUM,"SANTORUM, Richard John (Rick)",R,PA
196,29142,575.09096785276,0.0038985653975467656,0.004706005479905453,J. REED,"REED, John F. (Jack)",D,RI
197,29148,123.43961222953922,0.002671954809493369,0.0011688253992343037,G. ALLEN,"ALLEN, George",R,VA
198,29305,296.82233595191394,0.0037509761998918314,0.002475162018470122,B. LINCOLN,"LINCOLN, Blanche Lambert",D,AR
199,29306,130.23178822325582,0.0029977031593860083,0.0012420834374514242,T. HUTCHINSON,"HUTCHINSON, Timothy",R,AR
200,29389,948.5812945206407,0.006075426832978203,0.006463979247438737,S. BROWN,"BROWN, Sherrod",D,OH
201,29523,220.64569621009556,0.0026583153359784786,0.00203659164785538,S. BROWNBACK,"BROWNBACK, Sam Dale",R,KS
202,29548,323.6651070355812,0.0029640903618280623,0.0024988373340820947,R. BURR,"BURR, Richard M.",R,NC
203,29740,58.62656566220605,0.0024477756151055903,0.0007106702421621167,J. SUNUNU,"SUNUNU, John E.",R,NH
204,29754,463.5777233606792,0.0033606548461714886,0.004032784347431176,J. THUNE,"THUNE, John",R,SD
205,29924,341.54101417685365,0.004726442100994427,0.0024497611729333833,T. UDALL,"UDALL, Thomas (Tom)",D,NM
206,29936,113.46127716564857,0.0028480737808034787,0.0014156026783955437,J. DeMINT,"DeMINT, James W.",R,SC
207,39310,552.4651847360697,0.0039344652373474705,0.0037896865516941058,M. CANTWELL,"CANTWELL, Maria E.",D,WA
208,40103,110.36985172303652,0.0025216729668961313,0.0010239351002703577,E. NELSON,"NELSON, Earl Benjamin (Ben)",D,NE
209,40105,485.51785200796274,0.005840623325034978,0.003740467799925017,H. CLINTON,"CLINTON, Hillary Rodham",D,NY
210,40302,159.67501859221977,0.0034494779665658927,0.0015191157412135995,N. COLEMAN,"COLEMAN, Norm",R,MN
211,40304,258.62177116716754,0.0024828736329380856,0.0020781577426209463,L. ALEXANDER,"ALEXANDER, Lamar",R,TN
212,40502,141.86257831828067,0.004672440317165223,0.0014082077763366905,B. OBAMA,"OBAMA, Barack",D,IL
213,40910,501.3869171785573,0.004583945437072844,0.0033860337513493158,M. BENNET,"BENNET, Michael F.",D,CO
214,49101,199.140295435073,0.004177040308043749,0.0016715435738966576,P. WELLSTONE,"WELLSTONE, Paul David",D,MN
215,49300,1172.0515621362088,0.00387557636120197,0.008352504963493303,D. FEINSTEIN,"FEINSTEIN, Dianne",D,CA
216,49301,110.52713186157257,0.0024112338698736423,0.0012946758434966806,P. COVERDELL,"COVERDELL, Paul",R,GA
217,49306,350.7149222438171,0.0029487427020544513,0.0033618313757905827,K. HUTCHISON,"HUTCHISON, Kathryn Ann Bailey (Kay)",R,TX
218,49307,156.38478570546278,0.002246139357388246,0.0014174149495431439,R. BENNETT,"BENNETT, Robert",R,UT
219,49308,720.1189539697075,0.003557273626854434,0.004561887564919089,P. MURRAY,"MURRAY, Patty",D,WA
220,49309,443.1080248951177,0.004462782855996019,0.00404250964800525,R. FEINGOLD,"FEINGOLD, Russell Dana",D,WI
221,49501,69.27920243999729,0.0022847695901461527,0.0009743312927306474,J. ASHCROFT,"ASHCROFT, John David",R,MO
222,49503,83.62489637297688,0.002460936546216458,0.0013584842500288122,F. THOMPSON,"THOMPSON, Fred Dalton",R,TN
223,49700,211.7406502395542,0.0022862838401229778,0.0013825050998280822,J. SESSIONS,"SESSIONS, Jefferson Beauregard III (Jeff)",R,AL
224,49701,105.74816455590147,0.0028152232853116328,0.0009831789640605763,J. CLELAND,"CLELAND, Joseph Maxwell (Max)",D,GA
225,49703,1013.6417622626548,0.004151895480891697,0.0061061505668734304,S. COLLINS,"COLLINS, Susan Margaret",R,ME
226,49704,189.90614989107445,0.0028916161511446416,0.0014632758062158057,C. HAGEL,"HAGEL, Charles Timothy (Chuck)",R,NE
227,49706,413.20095542310844,0.002635529319090438,0.003103009150268381,M. ENZI,"ENZI, Michael B.",R,WY
228,49901,164.74028050156872,0.003083749026695964,0.001452286814913901,E. BAYH,"BAYH, Evan",D,IN
229,49903,301.61163058180654,0.0030591218081982,0.0024131018681106883,G. VOINOVICH,"VOINOVICH, George Victor",R,OH
230,3255,12.052622508210742,0.0010402844509832094,0.0005744467871036432,H. FONG,"FONG, Hiram Leong",R,HI
231,8883,80.59403987313296,0.0016336133266930772,0.0013024514445478552,J. STENNIS,"STENNIS, John Cornelius",D,MS
232,10802,18.284419834551414,0.0017009668011770964,0.000512466114612217,H. BYRD,"BYRD, Harry Flood, Jr.",D,VA
233,14906,50.95565510606263,0.00172675239416177,0.0007285644466247176,M. MATTINGLY,"MATTINGLY, Mack Francis",R,GA
234,10630,37.27178139048848,0.0018592330044722323,0.0008872099584306748,R. TAFT,"TAFT, Robert, Jr.",R,OH
235,10736,77.92063349581726,0.0019757033717429442,0.001526684227206356,W. HATHAWAY,"HATHAWAY, William Dodd",D,ME
236,11201,69.78618978096434,0.0019187718457784589,0.0009772645134263362,E. BROOKE,"BROOKE, Edward William, III",R,MA
237,14516,16.653231327496034,0.001898751357053969,0.0004524909058246842,M. HUMPHREY,"HUMPHREY, Muriel Buck",D,MN
238,11048,12.197472277464534,0.001463047022738065,0.000504241220927725,W. SCOTT,"SCOTT, William Lloyd",R,VA
239,13100,38.67271092770318,0.001459214272060707,0.0008044417288700654,J. BUCKLEY,"BUCKLEY, James Lane",R,NY
240,10571,44.65118208674709,0.001482577723982475,0.0007027747294188029,W. BROCK,"BROCK, William Emerson, III",R,TN
241,12002,41.915553903665,0.0016398426360938244,0.0009042195694956155,J. BEALL,"BEALL, John Glenn, Jr.",R,MD
242,14913,85.00573067418068,0.0021113985908917388,0.0008635923275343046,J. HECHT,"HECHT, Jacob Chic",R,NV
243,14651,434.4090761517463,0.003488365291614641,0.0035444326948853404,C. NELSON,"NELSON, Clarence William (Bill)",D,FL
244,14809,331.75053003430816,0.0029346395796142457,0.0024404921668538058,L. CRAIG,"CRAIG, Larry Edwin",R,ID
245,14826,214.77088975019683,0.002470248767203596,0.002078094221620924,J. GREGG,"GREGG, Judd Alan",R,NH
246,14852,314.3958267300294,0.002616395865270791,0.0021460073310238066,C. ROBERTS,"ROBERTS, Charles Patrick (Pat)",R,KS
247,14909,47.15458176890637,0.002042360950390505,0.0005449931893236935,W. RUDMAN,"RUDMAN, Warren Bruce",R,NH
248,15037,207.11902888518273,0.002423894694374775,0.0023397111079603754,C. MACK,"MACK, Connie, III",R,FL
249,15407,240.94651907051087,0.0031065093226812397,0.002758244666512545,B. CAMPBELL,"CAMPBELL, Ben Nighthorse",R,CO
250,15429,264.33152025122234,0.002880230393167093,0.0024823475388217014,J. KYL,"KYL, Jon Llewellyn",R,AZ
251,15633,178.9689742830344,0.0026340790190576683,0.0016943383157424963,C. THOMAS,"THOMAS, Craig Lyle",R,WY
252,29108,209.85085856389475,0.0029414598892625854,0.002044762119255404,A. ALLARD,"ALLARD, A. Wayne",R,CO
253,29147,469.10577222006975,0.0059437147230823485,0.0024542415465195868,B. SANDERS,"SANDERS, Bernard",D,VT
254,29367,82.77255451081874,0.0024674844153482005,0.0010323273952648083,R. GRAMS,"GRAMS, Rod",R,MN
255,29373,758.6753256504417,0.005212344314996608,0.006535980024055433,R. MENENDEZ,"MENENDEZ, Robert",D,NJ
256,29512,170.96684591503686,0.002545262603564254,0.0009324315741382218,S. CHAMBLISS,"CHAMBLISS, Saxby",R,GA
257,29537,239.19324926326271,0.003074488133458895,0.0020973570380923554,J. ENSIGN,"ENSIGN, John Eric",R,NV
258,29566,317.13395591575835,0.002578825903544101,0.0021659588184696154,L. GRAHAM,"GRAHAM, Lindsey O.",R,SC
259,29732,631.8429189974411,0.004154060078622272,0.004109334517685013,D. STABENOW,"STABENOW, Deborah Ann",D,MI
260,29906,141.55868442191064,0.002804839518824792,0.0013828059729974604,M. UDALL,"UDALL, Mark",D,CO
261,40101,103.00289120505438,0.0034122739570982327,0.0006010144303576143,M. DAYTON,"DAYTON, Mark",D,MN
262,40102,27.592813248655887,0.0021758868670383926,0.0005335757490290112,J. CARNAHAN,"CARNAHAN, Jean",D,MO
263,40104,196.75980952237518,0.004879590085654956,0.001822338905354949,J. CORZINE,"CORZINE, Jon Stevens",D,NJ
264,40300,696.8602588779135,0.0037593404103337404,0.0037535374312525362,L. MURKOWSKI,"MURKOWSKI, Lisa",R,AK
265,40301,192.69105459978027,0.002826124090791368,0.0016759356000526993,M. PRYOR,"PRYOR, Mark",D,AR
266,40303,60.69107993362435,0.002416816781176827,0.0006698191444654241,E. DOLE,"DOLE, Elizabeth Hanford",R,NC
267,40305,874.2117239544679,0.004716375391169368,0.006575365832324307,J. CORNYN,"CORNYN, John",R,TX
268,40500,133.58751789520065,0.0028053031288268067,0.0012385378030211316,K. SALAZAR,"SALAZAR, Kenneth Lee",D,CO
269,40700,1028.0993489373957,0.006750662728736528,0.007527335081568111,A. KLOBUCHAR,"KLOBUCHAR, Amy",D,MN
270,40702,651.0463171650965,0.004979487122205647,0.00451413796366081,J. TESTER,"TESTER, Jon",D,MT
271,40703,975.574281851806,0.006257307386928872,0.007673391092514587,R. CASEY,"CASEY, Robert (Bob), Jr.",D,PA
272,40704,630.9369423832326,0.005841754938760355,0.003659044825972056,S. WHITEHOUSE,"WHITEHOUSE, Sheldon",D,RI
273,40706,64.97309523040039,0.002250025152453434,0.0007525117641246831,J. WEBB,"WEBB, James H. (Jim)",D,VA
274,40900,286.85675965256837,0.004756262048060692,0.0015353970308204052,M. BEGICH,"BEGICH, Mark",D,AK
275,40901,23.93112049890553,0.0029195512037702488,0.0004338882417802698,E. KAUFMAN,"KAUFMAN, Edward E. (Ted)",D,DE
276,40904,293.02747277901193,0.005095266652140706,0.0017851220958495359,A. FRANKEN,"FRANKEN, Al",D,MN
277,40906,558.2888832497573,0.005215738697019757,0.0039117084374777926,J. SHAHEEN,"SHAHEEN, Jeanne",D,NH
278,40907,87.87802614470978,0.002780739072339201,0.0009497859852529821,K. HAGAN,"HAGAN, Kay",D,NC
279,40908,739.7008207334611,0.005572032556574352,0.004164698006733003,J. MERKLEY,"MERKLEY, Jeff",D,OR
280,40909,427.8410116551087,0.004611967696554588,0.0030618564664291136,M. WARNER,"WARNER, Mark",D,VA
281,40916,515.4393074185501,0.005688096082159204,0.003268739548873698,C. COONS,"COONS, Christopher A.",D,DE
282,41106,151.0175827817058,0.0031442937365110555,0.0012048567970978803,K. AYOTTE,"AYOTTE, Kelly",R,NH
283,49303,103.28394003750547,0.003162109006703866,0.000809806221115834,C. MOSELEY BRAUN,"MOSELEY BRAUN, Carol",D,IL
284,49500,142.51894316281079,0.003198961417463577,0.0016965061531303074,S. ABRAHAM,"ABRAHAM, Spencer",R,MI
285,49502,189.26098639735406,0.0031378440955664513,0.002469886846236142,W. FRIST,"FRIST, William H.",R,TN
286,49702,446.95178034847083,0.0036224853291257184,0.0029812120154751294,M. LANDRIEU,"LANDRIEU, Mary L.",D,LA
287,49705,355.55094020026263,0.003940400488871972,0.003325171207647915,G. SMITH,"SMITH, Gordon Harold",R,OR
288,49900,63.7820846061777,0.002318545328549323,0.0007881669836061114,P. FITZGERALD,"FITZGERALD, Peter G.",R,IL
289,7229,19.89618565558968,0.0018798261275597466,0.0007843778641285821,J. PASTORE,"PASTORE, John Orlando",D,RI
290,5967,26.14580714308201,0.001216717775066232,0.0006288318721097738,M. MANSFIELD,"MANSFIELD, Michael Joseph (Mike)",D,MT
291,49302,44.56661000188696,0.0017537066803027027,0.000551879667724297,D. KEMPTHORNE,"KEMPTHORNE, Dirk",R,ID
292,49304,78.10454472521543,0.002521007252429039,0.0009095290480095057,D. FAIRCLOTH,"FAIRCLOTH, Duncan McLauchlin (Lauch)",R,NC
293,15505,20.360742191506766,0.0016963961974365033,0.0004766554425443705,D. KARNES,"KARNES, David Kemp",R,NE
294,49100,35.302691834981836,0.0020062101929473573,0.0006231318328701163,J. SEYMOUR,"SEYMOUR, John",R,CA
295,10574,0.9275103980986334,0.001598570669387723,0.0003649635036496351,J. BROYHILL,"BROYHILL, James Thomas",R,NC
296,14515,5.650649350649351,0.001739490364568493,0.0003867004575224676,P. HATFIELD,"HATFIELD, Paul Gerhart",D,MT
297,29909,287.9379752606691,0.002778648331254214,0.0015412905865779733,J. ISAKSON,"ISAKSON, Johnny",R,GA
298,49902,69.70695346579956,0.002935342904951364,0.0009703296436976625,J. EDWARDS,"EDWARDS, John",D,NC
299,49905,119.01411741823037,0.0031104607327116516,0.0007353948535249459,L. CHAFEE,"CHAFEE, Lincoln Davenport",R,RI
300,29345,486.68411141796366,0.002600779474814823,0.0027798055089494227,M. CRAPO,"CRAPO, Michael Dean",R,ID
301,29555,164.4803983137157,0.002474337509610044,0.0013935633818571468,T. COBURN,"COBURN, Thomas Allen",R,OK
302,29918,332.08453526529104,0.003195340620030492,0.002876541172928504,D. VITTER,"VITTER, David",R,LA
303,40501,100.88851490061819,0.002434263206115759,0.0010177827480253058,M. MARTINEZ,"MARTINEZ, Melquiades R. (Mel)",R,FL
304,40701,243.54377520409633,0.0030680828338471274,0.0018612457400183952,C. McCASKILL,"McCASKILL, Claire",D,MO
305,40705,104.65496683813788,0.0019510320365124692,0.0009020662373631584,R. CORKER,"CORKER, Robert (Bob)",R,TN
306,40707,382.47793219437426,0.0032935969404241563,0.0030640657133585592,J. BARRASSO,"BARRASSO, John A.",R,WY
307,14247,5.944981772613351,0.0017773353802284294,0.0003992680875054128,R. KRUEGER,"KRUEGER, Robert Charles",D,TX
308,49904,82.2539366653672,0.0026716229377885237,0.0005358676259928286,Z. MILLER,"MILLER, Zell Bryan",D,GA
309,20100,146.62300184466528,0.003446508800824603,0.0019258470755479566,J. FLAKE,"FLAKE, Jeff",R,AZ
310,20101,260.8470706877962,0.0035757744858906913,0.0014189715929798868,J. BOOZMAN,"BOOZMAN, John",R,AR
311,20115,168.51821913668357,0.003944243243112112,0.0015350496784056896,M. KIRK,"KIRK, Mark Steven",R,IL
312,20146,304.66063612857727,0.004573342948634488,0.0014306195391363926,S. CAPITO,"CAPITO, Shelley Moore",R,WV
313,20713,379.8815808562522,0.0060834901668576115,0.002479207306230584,M. HIRONO,"HIRONO, Mazie",D,HI
314,20717,91.32380517367801,0.0025994276535425487,0.0009494224816026463,J. DONNELLY,"DONNELLY, Joe",D,IN
315,20730,242.66535544442394,0.003911011614179769,0.0021999008410529233,D. HELLER,"HELLER, Dean",R,NV
316,20919,433.6418561911011,0.006155229244955427,0.003083412818017466,B. CASSIDY,"CASSIDY, Bill",R,LA
317,20923,587.3758506480957,0.0067278321940189715,0.004504017744178036,G. PETERS,"PETERS, Gary C.",D,MI
318,21166,304.10601993331306,0.0046143544543716985,0.0019765580506077088,J. LANKFORD,"LANKFORD, James",R,OK
319,21301,305.45767893628033,0.004327652090108494,0.0024899089747230487,T. COTTON,"COTTON, Tom",R,AR
320,29369,52.4636642937087,0.0022035342331741922,0.0007056396554921932,J. TALENT,"TALENT, James Matthes",R,MO
321,29386,481.60919300846183,0.005231084368023523,0.003541183878757114,R. PORTMAN,"PORTMAN, Robert Jones (Rob)",R,OH
322,29534,433.9248611130722,0.0040656392170829985,0.0026952730853206913,R. WICKER,"WICKER, Roger F.",R,MS
323,29722,391.9854531128297,0.004410840536148947,0.002411545508760468,J. MORAN,"MORAN, Jerry",R,KS
324,29735,265.1141827806211,0.0038851744751945702,0.0016739338957267066,R. BLUNT,"BLUNT, Roy",R,MO
325,29935,186.5597306074446,0.0034470385599412383,0.0018573907143442155,P. TOOMEY,"TOOMEY, Patrick Joseph",R,PA
326,40902,315.69435045585874,0.0034554160592605173,0.0017917523414329422,J. RISCH,"RISCH, James",R,ID
327,40905,82.10020803462557,0.002154694247906767,0.0008011041208238138,M. JOHANNS,"JOHANNS, Mike",R,NE
328,40911,19.68827326055587,0.0017757137429497416,0.0004001946170192766,G. LEMIEUX,"LEMIEUX, George S.",R,FL
329,40915,342.7489482038728,0.004476419824501126,0.0022080464800497144,J. MANCHIN,"MANCHIN, Joe, III",D,WV
330,41101,880.454963902477,0.007580890566084874,0.0049393466800271854,R. BLUMENTHAL,"BLUMENTHAL, Richard",D,CT
331,41102,851.1838953270523,0.00685263711206745,0.006361008441979772,M. RUBIO,"RUBIO, Marco",R,FL
332,41104,241.78579561096376,0.0036417421096147035,0.0021769629405761644,R. PAUL,"PAUL, Rand",R,KY
333,41107,230.37243975207127,0.0031714018325587918,0.0017224102939819013,J. HOEVEN,"HOEVEN, John",R,ND
334,41110,459.8198873031741,0.004637483096879212,0.004089732941687434,M. LEE,"LEE, Mike",R,UT
335,41111,195.89301364061228,0.0034911976455342087,0.0016987582659778355,R. JOHNSON,"JOHNSON, Ron",R,WI
336,41112,448.5789532291342,0.006080841535704123,0.003226564266615097,B. SCHATZ,"SCHATZ, Brian Emanuel",D,HI
337,41302,237.22779277863071,0.003954704412719118,0.001957879679391796,D. FISCHER,"FISCHER, Debra (Deb)",R,NE
338,41303,137.11921572609356,0.003452395916802385,0.0009996483659931922,M. HEITKAMP,"HEITKAMP, Mary Kathryn (Heidi)",D,ND
339,41304,457.9470421831129,0.005128453962984863,0.0039306340626903144,R. CRUZ,"CRUZ, Rafael Edward (Ted)",R,TX
340,41305,325.80655851936604,0.004637819161096786,0.0021542387815514223,T. KAINE,"KAINE, Timothy Michael (Tim)",D,VA
341,41308,643.3853297561311,0.007624046187503115,0.00428411902945378,C. BOOKER,"BOOKER, Cory Anthony",D,NJ
342,41501,106.60557292515297,0.003150081460748922,0.0007222440445237534,D. PERDUE,"PERDUE, David Alfred, Jr.",R,GA
343,41703,213.059479053275,0.0040332551980660734,0.0016973181343853162,J. KENNEDY,"KENNEDY, John Neely",R,LA
344,20930,380.77350328931027,0.005167046489694712,0.002327299729379583,M. HEINRICH,"HEINRICH, Martin",D,NM
345,14435,669.8215742632951,0.007156231206616281,0.0046232630315158115,E. MARKEY,"MARKEY, Edward John",D,MA
346,20330,368.81454846678133,0.00644456744300618,0.0020108703356675915,C. VAN HOLLEN,"VAN HOLLEN, Christopher",D,MD
347,20351,347.6507595093694,0.005675344898776168,0.0019779834848229058,M. BLACKBURN,"BLACKBURN, Marsha",R,TN
348,20932,222.41719410799635,0.00570959718715008,0.0014571412108909875,B. LUJÁN,"LUJÁN, Ben Ray",D,NM
349,21112,203.21143584791992,0.004192775422072036,0.0016874322192270432,C. GARDNER,"GARDNER, Cory",R,CO
350,21133,277.7818848397829,0.005193220110536234,0.0018659609291646836,T. YOUNG,"YOUNG, Todd",R,IN
351,21173,264.1871517018525,0.004357822928754512,0.001948323120455564,T. SCOTT,"SCOTT, Tim",R,SC
352,21300,245.72541713390476,0.005001892380718239,0.0009953919087359348,K. SINEMA,"SINEMA, Kyrsten",D,AZ
353,21325,387.7128715346215,0.006625276460074228,0.0027658457219508106,T. DUCKWORTH,"DUCKWORTH, Tammy",D,IL
354,21338,354.2454026492048,0.005084226976151467,0.0025886282101073,S. DAINES,"DAINES, Steve",R,MT
355,21350,212.10157441734168,0.004039585527952937,0.0008104839554959253,K. CRAMER,"CRAMER, Kevin",R,ND
356,21355,35.16026526968342,0.002360393088755358,0.0005341836723913962,M. MULLIN,"MULLIN, Markwayne",R,OK
357,21708,81.2235701364713,0.0035467942456291167,0.0006643810381970841,T. BUDD,"BUDD, Theodore Paul",R,NC
358,21734,194.85602344541542,0.004584611204259223,0.001395502194681743,R. MARSHALL,"MARSHALL, Roger Wayne",R,KS
359,21743,286.61022881285567,0.0059208291323231375,0.0019210372660834745,J. ROSEN,"ROSEN, Jacklyn Sheryl",D,NV
360,29940,486.2219875464868,0.006290997923464589,0.003124929916471677,T. BALDWIN,"BALDWIN, Tammy",D,WI
361,41300,338.7724550840644,0.005425241179787376,0.0014968116036412449,A. KING,"KING, Angus Stanley, Jr.",D,ME
362,41301,640.8140806354547,0.0070744236046135596,0.003833122671323136,E. WARREN,"WARREN, Elizabeth",D,MA
363,41500,357.0703107830161,0.004385487987540177,0.0020637114820293272,D. SULLIVAN,"SULLIVAN, Daniel Scott",R,AK
364,41502,345.87255435479244,0.004749056792440764,0.002327568614788945,J. ERNST,"ERNST, Joni",R,IA
365,41503,50.904441180183525,0.0024783802548141907,0.000588263788767938,B. SASSE,"SASSE, Benjamin Eric",R,NE
366,41504,366.07307721929124,0.005209779003177755,0.0017439497228428893,T. TILLIS,"TILLIS, Thomas Roland (Thom)",R,NC
367,41505,266.63542501074414,0.004578956607691268,0.0017932064841283256,M. ROUNDS,"ROUNDS, Marion Michael (Mike)",R,SD
368,41700,381.0842852000753,0.006564077036831792,0.0030687541834682943,C. CORTEZ MASTO,"CORTEZ MASTO, Catherine Marie",D,NV
369,41702,411.10234444859964,0.005883730670792064,0.0023994159964614106,M. HASSAN,"HASSAN, Margaret (Maggie)",D,NH
370,41706,407.4028682933704,0.007283183255075269,0.002334133896814,T. SMITH,"SMITH, Tina",D,MN
371,41707,113.29128672149704,0.003383740993792234,0.0006480707268283818,C. HYDE-SMITH,"HYDE-SMITH, Cindy",R,MS
372,41900,447.2548461786337,0.006267916010046739,0.002377486002719874,M. BRAUN,"BRAUN, Michael",R,IN
373,41901,126.00230135563424,0.004049698375715356,0.0008676082344952147,J. HAWLEY,"HAWLEY, Joshua David",R,MO
374,41903,356.8050493161211,0.005624150474297786,0.0020409933258770043,R. SCOTT,"SCOTT, Richard Lynn (Rick)",R,FL
375,41905,152.86788459136622,0.004320339957195475,0.001054748033455818,M. KELLY,"KELLY, Mark Edward",D,AZ
376,42100,98.91670616497817,0.0036945291949385226,0.000743381308504437,W. HAGERTY,"HAGERTY, William Francis (Bill)",R,TN
377,42103,140.3978405190628,0.0043908576328040684,0.0012696776760710898,T. OSSOFF,"OSSOFF, Thomas Jonathan (Jon)",D,GA
378,42105,143.8307770929658,0.004067069855143665,0.0011282675327393755,R. WARNOCK,"WARNOCK, Raphael Gamaliel",D,GA
379,42300,41.74198006182357,0.0021800556108368192,0.0005422684162254662,K. BRITT,"BRITT, Katie Elizabeth",R,AL
380,42302,45.75940078030433,0.002790715394944786,0.0005526718653947073,J. RICKETTS,"RICKETTS, John Peter (Pete)",R,NE
381,20707,313.7384782211626,0.005464219362473119,0.0020150314587648903,C. MURPHY,"MURPHY, Christopher",D,CT
382,20750,135.9047551569742,0.0055873589827893045,0.0011002884041953248,P. WELCH,"WELCH, Peter",D,VT
383,21501,88.91091682274146,0.002853849755257158,0.0007482358094749497,M. McSALLY,"McSALLY, Martha",R,AZ
384,41309,30.154216161599713,0.0022320934772436973,0.0004951010972030775,J. WALSH,"WALSH, John E.",D,MT
385,41701,173.66066775774442,0.006699372434060733,0.0013496340254015831,K. HARRIS,"HARRIS, Kamala Devi",D,CA
386,42104,274.11298123501206,0.00674006305371664,0.0017971147159742751,A. PADILLA,"PADILLA, Alejandro (Alex)",D,CA
387,42305,48.77921421461535,0.003362398137272031,0.0006376457579630817,L. BUTLER,"BUTLER, Laphonza Romanique",D,CA
388,40913,62.167984757797655,0.0027789391360059025,0.0007200875594543181,S. BROWN,"BROWN, Scott P.",R,MA
389,14514,4.416179653679653,0.001671078438426189,0.0003649635036496351,K. HODGES,"HODGES, Kaneaster, Jr.",D,AR
390,14517,0.25757575757575757,0.0006924106522655476,0.0003649635036496351,M. ALLEN,"ALLEN, Maryon Pittman",D,AL
391,41705,115.0836800059993,0.0035829985617571994,0.0007366452011932818,G. JONES,"JONES, Gordon Douglas (Doug)",D,AL
392,42102,62.722586181709886,0.003091816573286629,0.000678355728423965,T. TUBERVILLE,"TUBERVILLE, Thomas Hawley (Tommy)",R,AL
393,40903,26.65712051584914,0.002624440978998795,0.0004082095695311013,R. BURRIS,"BURRIS, Roland",D,IL
394,20953,150.18847020226747,0.004222701295353065,0.000891810382278244,C. LUMMIS,"LUMMIS, Cynthia M.",R,WY
395,42101,130.34665513671507,0.004510178184944163,0.001034525755732605,J. HICKENLOOPER,"HICKENLOOPER, John Wright",D,CO
396,42303,40.14993379237086,0.0024248171352276647,0.0005471815317522865,E. SCHMITT,"SCHMITT, Eric Stephen",R,MO
397,14911,0.21428571428571427,0.0017428617843896418,0.0003649635036496351,N. BRADY,"BRADY, Nicholas Frederick",R,NJ
398,42304,55.25379321834296,0.0032631795722900046,0.0006212719818333376,J. VANCE,"VANCE, James David",R,OH
399,41704,9.67660562971675,0.002433401678171679,0.00040837155345621715,L. STRANGE,"STRANGE, Luther  Johnson, III",R,AL
400,41904,42.070800392044504,0.003498978414830962,0.0005680682385905082,K. LOEFFLER,"LOEFFLER, Kelly",R,GA
401,41902,96.79586926018747,0.0038397108721176096,0.0009255674099799915,W. ROMNEY,"ROMNEY, Willard Mitt (Mitt)",R,UT
402,21937,1.3333333333333333,0.006353934228661023,0.0003649635036496351,A. KIM,"KIM, Andy",D,NJ
403,40912,15.074238669826903,0.00482058625262837,0.0003649635036496351,P. KIRK,"KIRK, Paul G., Jr.",D,MA
404,40914,1.476190476190476,0.004443320787537334,0.0003649635036496351,C. GOODWIN,"GOODWIN, Carte P.",D,WV
405,41306,4.623439483222092,0.0029020300547164396,0.0003649635036496351,W. COWAN,"COWAN, William (Mo)",D,MA
406,41307,1.1333333333333333,0.002502251625583507,0.0003649635036496351,J. CHIESA,"CHIESA, Jeffrey Scott",R,NJ
407,42306,6.172998200629779,0.003309195052829635,0.00040002862626457045,G. HELMY,"HELMY, George S.",D,NJ
408,49103,0.125,0.0,0.0003649635036496351,J. BURDICK,"BURDICK, Jocelyn Birch",D,ND
409,49305,10.970827810633297,0.001855171871169935,0.0003649635036496351,H. MATHEWS,"MATHEWS, Harlan",D,TN
410,49504,0.8409090909090909,0.001970246619796697,0.0003649635036496351,S. FRAHM,"FRAHM, Sheila",R,KS
